{"als_params":{"rank":25,"regParam":null,"maxIter":15},"num_items":270,"num_users":8144,"rmse":1.3382075437157097,"sparsity":0.9900854071163502,"test_size":4324,"train_size":17477,"generated_at":"2025-09-12T15:18:59.257Z"}
